{
    "sleep": {
        "avg_kw_usage_score": 0.18,
        "avg_ppl_score": 10.975014543533325
    },
    "today": {
        "avg_kw_usage_score": 0.16,
        "avg_ppl_score": 10.754685163497925
    },
    "justice": {
        "avg_kw_usage_score": 0.13999999999999999,
        "avg_ppl_score": 9.638536167144775
    },
    "dream": {
        "avg_kw_usage_score": 0.24,
        "avg_ppl_score": 10.256215667724609
    },
    "nature": {
        "avg_kw_usage_score": 0.19999999999999998,
        "avg_ppl_score": 9.672606086730957
    },
    "depression": {
        "avg_kw_usage_score": 0.1,
        "avg_ppl_score": 8.003794813156128
    },
    "hope": {
        "avg_kw_usage_score": 0.06000000000000001,
        "avg_ppl_score": 43.696421241760255
    },
    "thanks": {
        "avg_kw_usage_score": 0.21999999999999997,
        "avg_ppl_score": 11.568850183486939
    },
    "husband": {
        "avg_kw_usage_score": 0.08,
        "avg_ppl_score": 9.292425227165221
    },
    "home": {
        "avg_kw_usage_score": 0.18,
        "avg_ppl_score": 10.055680680274964
    },
    "beauty": {
        "avg_kw_usage_score": 0.18,
        "avg_ppl_score": 18.348300457000732
    },
    "winter": {
        "avg_kw_usage_score": 0.16,
        "avg_ppl_score": 12.274729681015014
    },
    "romantic": {
        "avg_kw_usage_score": 0.28,
        "avg_ppl_score": 27.268097162246704
    },
    "heaven": {
        "avg_kw_usage_score": 0.13999999999999999,
        "avg_ppl_score": 14.277666139602662
    },
    "father": {
        "avg_kw_usage_score": 0.08,
        "avg_ppl_score": 6.384872245788574
    },
    "moon": {
        "avg_kw_usage_score": 0.28,
        "avg_ppl_score": 14.772569704055787
    },
    "mirror": {
        "avg_kw_usage_score": 0.13999999999999999,
        "avg_ppl_score": 37.77834825515747
    },
    "poem": {
        "avg_kw_usage_score": 0.18,
        "avg_ppl_score": 20.359594440460206
    },
    "river": {
        "avg_kw_usage_score": 0.28,
        "avg_ppl_score": 124.45444755554199
    },
    "faith": {
        "avg_kw_usage_score": 0.06000000000000001,
        "avg_ppl_score": 17.460869359970093
    },
    "music": {
        "avg_kw_usage_score": 0.22000000000000003,
        "avg_ppl_score": 60.372925424575804
    },
    "food": {
        "avg_kw_usage_score": 0.08,
        "avg_ppl_score": 146.15487823486328
    },
    "rain": {
        "avg_kw_usage_score": 0.24,
        "avg_ppl_score": 10.753819513320924
    },
    "freedom": {
        "avg_kw_usage_score": 0.18,
        "avg_ppl_score": 10.322127389907838
    },
    "remember": {
        "avg_kw_usage_score": 0.18000000000000002,
        "avg_ppl_score": 6.411038780212403
    },
    "dance": {
        "avg_kw_usage_score": 0.18000000000000002,
        "avg_ppl_score": 10.945313787460327
    },
    "animal": {
        "avg_kw_usage_score": 0.12000000000000002,
        "avg_ppl_score": 186856.93062548636
    },
    "despair": {
        "avg_kw_usage_score": 0.12,
        "avg_ppl_score": 9.539767599105835
    },
    "truth": {
        "avg_kw_usage_score": 0.22000000000000003,
        "avg_ppl_score": 12.556101894378662
    },
    "school": {
        "avg_kw_usage_score": 0.12,
        "avg_ppl_score": 51.55807638168335
    },
    "culture": {
        "avg_kw_usage_score": 0.15999999999999998,
        "avg_ppl_score": 11.83879828453064
    },
    "laughter": {
        "avg_kw_usage_score": 0.22000000000000003,
        "avg_ppl_score": 15.271307277679444
    },
    "green": {
        "avg_kw_usage_score": 0.19999999999999998,
        "avg_ppl_score": 12.736462736129761
    },
    "sun": {
        "avg_kw_usage_score": 0.26,
        "avg_ppl_score": 31.715956115722655
    },
    "life": {
        "avg_kw_usage_score": 0.13999999999999999,
        "avg_ppl_score": 21.419079065322876
    },
    "running": {
        "avg_kw_usage_score": 0.18,
        "avg_ppl_score": 18.7634850025177
    },
    "friend": {
        "avg_kw_usage_score": 0.12,
        "avg_ppl_score": 31.48494906425476
    },
    "son": {
        "avg_kw_usage_score": 0.28,
        "avg_ppl_score": 7.6505455493927
    },
    "kiss": {
        "avg_kw_usage_score": 0.22000000000000003,
        "avg_ppl_score": 10.006290006637574
    },
    "angel": {
        "avg_kw_usage_score": 0.18,
        "avg_ppl_score": 44.33252635002136
    },
    "funny": {
        "avg_kw_usage_score": 0.12,
        "avg_ppl_score": 12.08883581161499
    },
    "rose": {
        "avg_kw_usage_score": 0.22000000000000003,
        "avg_ppl_score": 21.23123469352722
    },
    "football": {
        "avg_kw_usage_score": 0.19999999999999998,
        "avg_ppl_score": 24.34867889881134
    },
    "poverty": {
        "avg_kw_usage_score": 0.27999999999999997,
        "avg_ppl_score": 12.144559335708617
    },
    "world": {
        "avg_kw_usage_score": 0.24000000000000005,
        "avg_ppl_score": 11.707595443725586
    },
    "greed": {
        "avg_kw_usage_score": 0.22000000000000003,
        "avg_ppl_score": 10.622507166862487
    },
    "believe": {
        "avg_kw_usage_score": 0.15999999999999998,
        "avg_ppl_score": 27.717772340774538
    },
    "ocean": {
        "avg_kw_usage_score": 0.22000000000000003,
        "avg_ppl_score": 37.34999587535858
    },
    "passion": {
        "avg_kw_usage_score": 0.12,
        "avg_ppl_score": 11.79867935180664
    },
    "car": {
        "avg_kw_usage_score": 0.24000000000000005,
        "avg_ppl_score": 1496.8536827087403
    },
    "suicide": {
        "avg_kw_usage_score": 0.13999999999999999,
        "avg_ppl_score": 12.469531106948853
    },
    "paris": {
        "avg_kw_usage_score": 0.08,
        "avg_ppl_score": 11.132094931602477
    },
    "city": {
        "avg_kw_usage_score": 0.24,
        "avg_ppl_score": 8.449074530601502
    },
    "summer": {
        "avg_kw_usage_score": 0.13999999999999999,
        "avg_ppl_score": 10.973679208755494
    },
    "sorrow": {
        "avg_kw_usage_score": 0.27999999999999997,
        "avg_ppl_score": 15.97045578956604
    },
    "sky": {
        "avg_kw_usage_score": 0.28,
        "avg_ppl_score": 10.74132227897644
    },
    "happy": {
        "avg_kw_usage_score": 0.18,
        "avg_ppl_score": 11.959668922424317
    },
    "america": {
        "avg_kw_usage_score": 0.12000000000000002,
        "avg_ppl_score": 14.006594228744508
    },
    "joy": {
        "avg_kw_usage_score": 0.24,
        "avg_ppl_score": 9.35221037864685
    },
    "murder": {
        "avg_kw_usage_score": 0.16,
        "avg_ppl_score": 138.4800889492035
    },
    "birth": {
        "avg_kw_usage_score": 0.18,
        "avg_ppl_score": 10.220647621154786
    },
    "dark": {
        "avg_kw_usage_score": 0.16,
        "avg_ppl_score": 17.174413394927978
    },
    "god": {
        "avg_kw_usage_score": 0.13999999999999999,
        "avg_ppl_score": 9.089749956130982
    },
    "childhood": {
        "avg_kw_usage_score": 0.16,
        "avg_ppl_score": 5.640926623344422
    },
    "fire": {
        "avg_kw_usage_score": 0.18,
        "avg_ppl_score": 16.90539155006409
    },
    "hair": {
        "avg_kw_usage_score": 0.16,
        "avg_ppl_score": 7.53739562034607
    },
    "warning": {
        "avg_kw_usage_score": 0.18,
        "avg_ppl_score": 10.137443923950196
    },
    "wedding": {
        "avg_kw_usage_score": 0.18,
        "avg_ppl_score": 7.8153056621551515
    },
    "song": {
        "avg_kw_usage_score": 0.32,
        "avg_ppl_score": 31.857672500610352
    },
    "weather": {
        "avg_kw_usage_score": 0.13999999999999999,
        "avg_ppl_score": 18036800.87124429
    },
    "butterfly": {
        "avg_kw_usage_score": 0.16,
        "avg_ppl_score": 10.486880493164062
    },
    "money": {
        "avg_kw_usage_score": 0.12,
        "avg_ppl_score": 1373.1885038375854
    },
    "future": {
        "avg_kw_usage_score": 0.2,
        "avg_ppl_score": 7.293850088119507
    },
    "racism": {
        "avg_kw_usage_score": 0.12000000000000002,