{
    "train_losses": [
        3.929857555422501,
        2.9873467209559785,
        2.800184870133976,
        2.7026357276887083,
        2.636977291812014,
        2.5950682681140065,
        2.556630291025559,
        2.5263968590445876,
        2.4980073713704676,
        2.4766914787819574,
        2.449018777412743,
        2.43125887793563,
        2.413142014285286,
        2.3965536320730467,
        2.38169303850527,
        2.364901091108592,
        2.3544932066781357,
        2.339355352298766,
        2.3304450071409613,
        2.3172538211535674
    ],
    "valid_losses": [
        5.934202194213867,
        5.6414477080106735,
        5.533277273178101,
        5.433069661259651,
        5.3728199154138565,
        5.375277832150459,
        5.337245047092438,
        5.320797070860863,
        5.306100502610207,
        5.283381208777428,
        5.27088463306427,
        5.261889457702637,
        5.268008440732956,
        5.226284101605415,
        5.2432297468185425,
        5.2186077535152435,
        5.225270971655846,
        5.1912920624017715,
        5.227812021970749,
        5.198647052049637
    ],
    "train_ppls": [
        50.89972676271401,
        19.832990161573612,
        16.447687176180203,
        14.919002376417819,
        13.970909735667725,
        13.397501952379477,
        12.892300736124595,
        12.508355475519187,
        12.158242944117436,
        11.901821775541162,
        11.576981548466515,
        11.373190530432026,
        11.168999226285383,
        10.985251847594606,
        10.823211474743852,
        10.642986079493898,
        10.532789561438557,
        10.37454647905093,
        10.282516308248356,
        10.147768419361379
    ],
    "valid_ppls": [
        377.7385139534283,
        281.8704894029228,
        252.97161105886693,
        228.85066232947446,
        215.46961790689537,
        215.99987568475535,
        207.93905814676413,
        204.5468553717719,
        201.5627006797793,
        197.03496667062078,
        194.58802532903087,
        192.84552073440398,
        194.02915683472182,
        186.0999884538372,
        189.28044416278595,
        184.67688925346275,
        185.9115404591928,
        179.70058737058275,
        186.38455175585597,
        181.027155798786
    ],
    "epochs": 20
}