{
    "train_losses": [
        4.352738080416976,
        3.2143955880388195,
        2.9206857463694478,
        2.7272058968985293,
        2.5341492413248683,
        2.3268018925710936,
        2.135195672818505,
        2.0139942405922553,
        1.929689252361234,
        1.8468978580441757,
        1.779713776699988,
        1.718958508156259,
        1.6649912440991341,
        1.612985244753428,
        1.5721726382299683,
        1.5323956007362944,
        1.4926956942577903,
        1.4620510411752834,
        1.4311845345484873,
        1.404835339989944
    ],
    "valid_losses": [
        6.306570187211037,
        6.1656971126794815,
        6.0888441652059555,
        6.053475618362427,
        6.099368363618851,
        6.16761976480484,
        6.283253893256187,
        6.316080212593079,
        6.360883980989456,
        6.39059191942215,
        6.48882620036602,
        6.533022448420525,
        6.568212240934372,
        6.625053688883781,
        6.657323703169823,
        6.718154385685921,
        6.823229998350143,
        6.84108230471611,
        6.904233321547508,
        6.923582777380943
    ],
    "train_ppls": [
        77.69089588387689,
        24.888244611503495,
        18.554006440806397,
        15.29010514904262,
        12.605701874574486,
        10.2451240767193,
        8.45870148289941,
        7.493187246490703,
        6.887369675146674,
        6.340121029187756,
        5.928159398393365,
        5.578715251161862,
        5.285626969132394,
        5.017768157744521,
        4.817102654166744,
        4.629253392317986,
        4.449072708082468,
        4.314800291922751,
        4.183651938254275,
        4.074855720240007
    ],
    "valid_ppls": [
        548.1616291752074,
        476.13294558350196,
        440.91149566592753,
        425.58964967643135,
        445.5762390161068,
        477.0492642019797,
        535.5283840559882,
        553.3995269761582,
        578.7577411739121,
        596.209383175667,
        657.7508422136445,
        687.4729260129668,
        712.0956490440475,
        753.7446791787289,
        778.4647440092012,
        827.2892447478099,
        918.9484234862592,
        935.5010842469675,
        996.4842373826953,
        1015.9534166983443
    ],
    "epochs": 20
}