{
    "train_losses": [
        4.026421021220004,
        2.835733055455519,
        2.528642987837215,
        2.2762809279338865,
        2.0300106151091715,
        1.8009854235655238,
        1.6168811523515951,
        1.4736838828015757,
        1.3600107939353638,
        1.2593015904291736,
        1.1745760414011988,
        1.0991564100000117,
        1.0323629409151396,
        0.9732462762637126,
        0.9215696773139861,
        0.8747990125249161,
        0.8349935137750557,
        0.7949770057722352,
        0.7593917302921376,
        0.7292903483220422
    ],
    "valid_losses": [
        5.889230906963348,
        5.640316605567932,
        5.521159365773201,
        5.454802967607975,
        5.494050681591034,
        5.5709734708070755,
        5.630538374185562,
        5.7171855717897415,
        5.795191943645477,
        5.861981898546219,
        5.942951530218124,
        6.078184530138969,
        6.090901672840118,
        6.237122491002083,
        6.327144369482994,
        6.433612823486328,
        6.507049456238747,
        6.606542706489563,
        6.722136691212654,
        6.758612275123596
    ],
    "train_ppls": [
        56.05991453566238,
        17.042889105180052,
        12.536482429456454,
        9.740387759840134,
        7.614167183566895,
        6.055611867836685,
        5.0373550484199185,
        4.365286761590279,
        3.896235357280851,
        3.522960158865148,
        3.2367703962650047,
        3.0016328081783015,
        2.8076924137900336,
        2.646521870628241,
        2.5132322590574914,
        2.3983931985279177,
        2.3047990987931235,
        2.2143900780288432,
        2.136975967337243,
        2.0736085456264184
    ],
    "valid_ppls": [
        361.1274369436232,
        281.5518452473864,
        249.92462334330398,
        233.87878483295898,
        243.24050383305055,
        262.6896955622649,
        278.8121825155725,
        304.0479963850942,
        328.7152727347879,
        351.41993295485935,
        381.05797550035425,
        436.2365011603435,
        441.81960833826605,
        511.38487717695733,
        559.5564237933911,
        622.4185793045243,
        669.8470858344654,
        739.9204692896425,
        830.5903318855588,
        861.445916000297
    ],
    "epochs": 20
}