{
    "train_losses": [
        4.527463600384239,
        3.483671077266144,
        3.226871593139472,
        3.103279211680503,
        3.026488514210081,
        2.969852490566077,
        2.939019610612129,
        2.9109526650458193,
        2.885984339413729,
        2.865683894690634,
        2.846301936858111,
        2.8338702317988047,
        2.8164382929360654,
        2.805844317671572,
        2.7913132653138324,
        2.775129305366379,
        2.765284254802223,
        2.7507845544876353,
        2.73978730798687,
        2.734495891856657
    ],
    "valid_losses": [
        6.380012974143028,
        6.181077033281326,
        6.065740630030632,
        6.040749698877335,
        5.985995963215828,
        5.959140032529831,
        5.912627846002579,
        5.902255475521088,
        5.922756999731064,
        5.870839014649391,
        5.879369765520096,
        5.886183559894562,
        5.855173900723457,
        5.863792926073074,
        5.831517621874809,
        5.810020565986633,
        5.843017265200615,
        5.832271307706833,
        5.844379007816315,
        5.80659593641758
    ],
    "train_ppls": [
        92.52358642421287,
        32.57910321826776,
        25.20069549487408,
        22.270862542961233,
        20.62468200598148,
        19.48904456605767,
        18.897310504906976,
        18.374294780057912,
        17.921199459196217,
        17.561059013785503,
        17.22396859716378,
        17.011170760190044,
        16.717202731891994,
        16.541035900815384,
        16.30241514617478,
        16.04070101028328,
        15.883554325566136,
        15.654909196711905,
        15.483691488576929,
        15.401977216448147
    ],
    "valid_ppls": [
        589.9353615145752,
        483.5124350004904,
        430.8416538032214,
        420.20794625312925,
        397.8185366373019,
        387.2769354261344,
        369.67633258578053,
        365.86173014064116,
        373.43986953236276,
        354.54632507262266,
        357.58380903268375,
        360.0286313784756,
        349.0355923186347,
        352.05694077216634,
        340.8756069997401,
        333.62598695160125,
        344.81818054583255,
        341.1326169554334,
        345.28805400769954,
        332.48539569769525
    ],
    "epochs": 20
}