{
    "train_losses": [
        4.191970352035562,
        3.10702189182561,
        2.843338501024369,
        2.6257274158509656,
        2.4070946281933847,
        2.1984481875878066,
        2.0321359486536994,
        1.9356355189817425,
        1.8422902105400065,
        1.7484561176563596,
        1.6705049297037344,
        1.605112018499399,
        1.5427894328354563,
        1.482279404576456,
        1.4306980132060676,
        1.3802934547929346,
        1.340920741576462,
        1.2969462113852366,
        1.2637475681105739,
        1.2324127634570654
    ],
    "valid_losses": [
        6.245921030640602,
        6.088627934455872,
        6.025154709815979,
        6.001870051026344,
        6.019695892930031,
        6.143634140491486,
        6.198998525738716,
        6.201640322804451,
        6.260290235280991,
        6.293436661362648,
        6.361492961645126,
        6.4139533787965775,
        6.505100771784782,
        6.482825741171837,
        6.602732494473457,
        6.604086324572563,
        6.708045333623886,
        6.701507657766342,
        6.829809367656708,
        6.817919507622719
    ],
    "train_ppls": [
        66.15300734490326,
        22.354371434069236,
        17.173002026802983,
        13.814619505265133,
        11.101659794696625,
        9.011019232512364,
        7.630367037444253,
        6.92844581535875,
        6.3109751848049,
        5.745725101268387,
        5.314850745786405,
        4.978417246335219,
        4.6776199965775485,
        4.402970402265383,
        4.1816169973582875,
        3.976068252596272,
        3.8225614768268033,
        3.6581085030709555,
        3.538658031441542,
        3.4294941201266953
    ],
    "valid_ppls": [
        515.9041697218505,
        440.8161673493272,
        413.7056413958852,
        404.1839317755579,
        411.45345079555085,
        465.743074819294,
        492.255812630358,
        493.5579718546407,
        523.3708187433056,
        541.0094040229786,
        579.1103007827015,
        610.3016717642017,
        668.5430362350206,
        653.8158528034626,
        737.1065795890373,
        738.1051724727622,
        818.9682641771881,
        813.631578895661,
        925.0144579964514,
        914.0812912728854
    ],
    "epochs": 20
}