{
    "train_losses": [
        3.8187559199201284,
        3.0086653911061636,
        2.886268736333438,
        2.828291274452605,
        2.7884564201037088,
        2.762878468752237,
        2.740923926296076,
        2.725757334407105,
        2.714428468199027,
        2.7006154877351363,
        2.6932960417672973,
        2.685786940085278,
        2.676136118824881,
        2.669430716609889,
        2.6637789082312815,
        2.6572461983969595,
        2.650224962092699,
        2.649488314635856,
        2.645074421315767,
        2.6387227027577813,
        2.6343090570484122,
        2.5050878070531875,
        2.474902898279298,
        2.46315657094966,
        2.452538276980032,
        2.445343768695578,
        2.4388058672802084,
        2.4324996573219324,
        2.428090153723172,
        2.3892926727093107,
        2.3872016756119074,
        2.3859647803451676,
        2.3837514857698445,
        2.3793030571640776,
        2.3802726457557575,
        2.379829818241164,
        2.3771788243765983,
        2.377490489479582,
        2.379081863338027,
        2.3783866289080757,
        2.3792146180510354,
        2.378471428180631,
        2.379829921580614,
        2.380265043072021,
        2.3789328339601123,
        2.3777364278482698,
        2.378947776630212,
        2.377280654831381,
        2.3786499637126264,
        2.379063646493281
    ],
    "valid_losses": [
        5.537283718585968,
        5.359048739075661,
        5.2697964906692505,
        5.243398368358612,
        5.1899304538965225,
        5.161190554499626,
        5.156341701745987,
        5.142925262451172,
        5.123892098665237,
        5.105602473020554,
        5.0813954174518585,
        5.098113939166069,
        5.087226465344429,
        5.036454424262047,
        5.056940570473671,
        5.027966573834419,
        5.062540486454964,
        5.026720345020294,
        5.032909259200096,
        5.041266918182373,
        5.026427388191223,
        4.945635691285133,
        4.943334102630615,
        4.924580901861191,
        4.926717892289162,
        4.915704369544983,
        4.915593817830086,
        4.916727796196938,
        4.928127720952034,
        4.910202667117119,
        4.936282649636269,
        4.921758726239204,
        4.935352638363838,
        4.9153759479522705,
        4.92851947247982,
        4.92070509493351,
        4.924490883946419,
        4.933876380324364,
        4.914812728762627,
        4.894572168588638,
        4.918561041355133,
        4.934711784124374,
        4.937927395105362,
        4.902470454573631,
        4.91207854449749,
        4.9211681336164474,
        4.932147115468979,
        4.906372502446175,
        4.942388534545898,
        4.915995866060257
    ],
    "train_ppls": [
        45.547508310708075,
        20.260342240597392,
        17.926296917936334,
        16.91653040682878,
        16.255908132850937,
        15.845387820776256,
        15.501300541307048,
        15.267972510359035,
        15.095979773377964,
        14.888892836238249,
        14.780312249232546,
        14.669741046424324,
        14.528846963008677,
        14.431751097622191,
        14.3504156684882,
        14.256974112521261,
        14.157223125709859,
        14.146798083560165,
        14.084493230639804,
        13.995316007733832,
        13.933681757211994,
        12.244634083835123,
        11.880553434906817,
        11.741816982484936,
        11.617798515532929,
        11.534514122234217,
        11.459348586201488,
        11.387310909124514,
        11.33720906400421,
        10.90577726037114,
        10.882997136661125,
        10.869544330586056,
        10.845513430623159,
        10.79737508780693,
        10.807849176470034,
        10.803064223013834,
        10.774463293234854,
        10.777821840790583,
        10.794987039220493,
        10.787484600838877,
        10.796420219755444,
        10.78839941047278,
        10.803065339396605,
        10.807767008123227,
        10.793378388888497,
        10.780472846690785,
        10.793539671986018,
        10.775560517596523,
        10.790325695050909,
        10.79479039040873
    ],
    "valid_ppls": [
        253.9871610226254,
        212.52268573696543,
        194.37640100868583,
        189.3123636138636,
        179.45607202728343,
        174.37193136249795,
        173.5284740955684,
        171.2158878820687,
        167.9879244700166,
        164.9434145597782,
        160.99855945369535,
        163.7128435527685,
        161.94009215788768,
        153.92329967145656,
        157.10911602529728,
        152.62235066721132,
        157.99138187667018,
        152.4322667647499,
        153.3785822942577,
        154.66583991742348,
        152.38761723174252,
        140.5601753355377,
        140.2370356406837,
        137.63164838645488,
        137.92608038877867,
        136.41536279719338,
        136.40028267847967,
        136.55504538046335,
        138.1206696668085,
        135.66690684336322,
        139.25163909756762,
        137.24377528401214,
        139.1221937056693,
        136.3705684025989,
        138.17478925019194,
        137.0992470989419,
        137.61925963007386,
        138.9169649712984,
        136.29378350696507,
        133.56285200567098,
        136.80561386278714,
        139.03306522026375,
        139.48086105425048,
        134.62194661807106,
        135.921640174724,
        137.1627440533889,
        138.67694833193767,
        135.14827410818057,
        140.10449464862796,
        136.45513319626335
    ],
    "epochs": 50
}