{
    "train_losses": [
        3.410088831705671,
        2.979338852449077,
        2.94840006998136,
        2.934605378580291,
        2.9177597679537857
    ],
    "valid_losses": [
        5.474713623523712,
        5.426962673664093,
        5.388358399271965,
        5.3950866758823395,
        5.372291594743729
    ],
    "train_ppls": [
        30.26793289208634,
        19.674804394987216,
        19.075409979772555,
        18.814077232202937,
        18.499797164697828
    ],
    "valid_ppls": [
        238.5821328359811,
        227.45733302616225,
        218.84383631553158,
        220.32124280703275,
        215.3558109199096
    ],
    "epochs": 5
}