{
    "train_losses": [
        3.8239705363084995,
        3.0096512688310972,
        2.8838561811222907,
        2.826406063215696,
        2.7893613028658213
    ],
    "valid_losses": [
        5.547658324241638,
        5.351730138063431,
        5.276621729135513,
        5.2317569106817245,
        5.189068138599396
    ],
    "train_ppls": [
        45.78564144084219,
        20.28032631001774,
        17.883100864274176,
        16.884669215590467,
        16.270624481183642
    ],
    "valid_ppls": [
        256.63589368082523,
        210.97299469624824,
        195.70760401906767,
        187.12127025080497,
        179.30139101269944
    ],
    "epochs": 5
}