{
    "train_losses": [
        4.283929429360939,
        3.240280923507026,
        3.0105776278969327,
        2.910423831408779,
        2.8470586084890828
    ],
    "valid_losses": [
        5.718621209263802,
        5.480042561888695,
        5.370966792106628,
        5.316615700721741,
        5.258228525519371
    ],
    "train_ppls": [
        72.52486215574153,
        25.540895777641904,
        20.299121878531672,
        18.364580403792186,
        17.237006417626368
    ],
    "valid_ppls": [
        304.48481256242906,
        239.8569159203643,
        215.0706958759696,
        203.6933549028958,
        192.1408170843461
    ],
    "epochs": 5
}