{
    "train_losses": [
        3.3893583025345335,
        3.101746269693678,
        3.0693529887977644,
        3.0556981644360026,
        3.0476007345306426
    ],
    "valid_losses": [
        5.664456203579903,
        5.6233037412166595,
        5.5344801396131516,
        5.550358667969704,
        5.515965551137924
    ],
    "train_ppls": [
        29.64692181053825,
        22.23674875659441,
        21.527969330655228,
        21.236006577099786,
        21.064743832192015
    ],
    "valid_ppls": [
        288.4310906676994,
        276.8023576466071,
        253.2760852029829,
        257.32983532552987,
        248.62992629555134
    ],
    "epochs": 5
}