{
    "train_losses": [
        5.483310388991117,
        4.283903225164031,
        3.911950994659097,
        3.7086965219938244,
        3.5543299587765507
    ],
    "valid_losses": [
        6.090234771370888,
        5.956879809498787,
        5.868646860122681,
        5.8021508157253265,
        5.720867872238159
    ],
    "train_ppls": [
        240.64200892636651,
        72.52296172487259,
        49.9963995911832,
        40.800589180069345,
        34.9643845382253
    ],
    "valid_ppls": [
        441.52505642180034,
        386.40259165547917,
        353.7699560125669,
        331.0107379294454,
        305.1696563355794
    ],
    "epochs": 5
}