{
    "train_losses": [
        3.8738867278580513,
        3.0259696743959874,
        2.8794883726213647,
        2.8152517684597527,
        2.7739026718779387,
        2.7470051237326607,
        2.7223802036599336,
        2.709097274193955,
        2.693316884143059,
        2.6836587559962504
    ],
    "valid_losses": [
        5.551413670182228,
        5.33600826561451,
        5.264415755867958,
        5.214225187897682,
        5.156155154109001,
        5.128303721547127,
        5.116707518696785,
        5.120107680559158,
        5.087234973907471,
        5.080096542835236
    ],
    "train_ppls": [
        48.12908768250292,
        20.613983875351806,
        17.805161240880448,
        16.697379124598463,
        16.021037011971018,
        15.595854218822922,
        15.216497538724758,
        15.0157143219623,
        14.78062030926466,
        14.638554334242318
    ],
    "valid_ppls": [
        257.6014621293923,
        207.6820419403138,
        193.33332192581688,
        183.86930161377668,
        173.49610578798564,
        168.7306609735465,
        166.78532704460113,
        167.35338935744207,
        161.94147004123266,
        160.7895782610719
    ],
    "epochs": 10
}