{
    "train_losses": [
        4.280988983758422,
        3.289329570276279,
        3.109110968241553,
        3.0319990445634306,
        2.986726228874254,
        2.9547396250285547,
        2.9303065216887543,
        2.9128374841533096,
        2.8986520321207587,
        2.887594922119816
    ],
    "valid_losses": [
        5.854340046644211,
        5.690423682332039,
        5.61357194185257,
        5.540388852357864,
        5.495454400777817,
        5.487366795539856,
        5.424500048160553,
        5.415312111377716,
        5.401630088686943,
        5.422779098153114
    ],
    "train_ppls": [
        72.3119199696286,
        26.824873433497626,
        22.40112023813549,
        20.738648662170778,
        19.820687765385863,
        19.196723722663396,
        18.733371801471392,
        18.408959660197873,
        18.14966370920517,
        17.950086289187634
    ],
    "valid_ppls": [
        348.7446688768838,
        296.0190121009098,
        274.1216379088849,
        254.77705085607693,
        243.58218495134966,
        241.62013324100838,
        226.89787994133687,
        224.82270445339907,
        221.7676226177195,
        226.507735838702
    ],
    "epochs": 10
}