{
    "train_losses": [
        3.8237638365513393,
        2.940659533480226,
        2.8280713742864245,
        2.7785660436539232,
        2.7465040540299475,
        2.7188319233278353,
        2.705198286356273,
        2.6897254262227737,
        2.6769749973159938,
        2.6668188909112502
    ],
    "valid_losses": [
        5.485590636730194,
        5.343708410859108,
        5.223129078745842,
        5.178022161126137,
        5.169702097773552,
        5.129982277750969,
        5.1242334097623825,
        5.113950088620186,
        5.08515439927578,
        5.083706423640251
    ],
    "train_ppls": [
        45.77617853789851,
        18.92832606115852,
        16.912810867959717,
        16.09592353994183,
        15.588041566291139,
        15.16260081667204,
        14.95728222149562,
        14.727631543805515,
        14.541040013755579,
        14.394107060460378
    ],
    "valid_ppls": [
        241.19135841157876,
        209.28739662799978,
        185.51376399815962,
        177.33173032750668,
        175.8624398673844,
        169.01412270797283,
        168.04527039866878,
        166.3260616545717,
        161.60488898926098,
        161.3710583787904
    ],
    "epochs": 10
}