{
    "train_losses": [
        4.306505803415554,
        3.0096152422339095,
        2.684277734815827,
        2.4451839790304666,
        2.2289430494954807,
        2.032361672297223,
        1.8763480559094483,
        1.7586195379866605,
        1.6628977835260816,
        1.5785522618399286
    ],
    "valid_losses": [
        5.6609920263290405,
        5.350650459527969,
        5.20439025759697,
        5.145751625299454,
        5.14046311378479,
        5.148013740777969,
        5.168288141489029,
        5.216478943824768,
        5.2429138123989105,
        5.293272525072098
    ],
    "train_ppls": [
        74.18083314652651,
        20.279595692031855,
        14.647618094172762,
        11.532671173331417,
        9.290041774155748,
        7.632089586096033,
        6.5296154767377335,
        5.804419081136498,
        5.274573291724538,
        4.847932191851708
    ],
    "valid_ppls": [
        287.433642910373,
        210.7453346042854,
        182.069823224881,
        171.70049061559826,
        170.79484745681899,
        172.08933659452657,
        175.6139537809534,
        184.28416546742693,
        189.22065340098885,
        198.99357247297746
    ],
    "epochs": 10
}