{
    "train_losses": [
        4.058910240935751,
        3.0970036152487475,
        2.941724939217706,
        2.8736832248224755,
        2.839354166186532,
        2.8125937834155343,
        2.7953325537230462,
        2.7803548211708438,
        2.7674506529238214,
        2.757001291584342
    ],
    "valid_losses": [
        5.60015082359314,
        5.397968962788582,
        5.3181471824646,
        5.280586615204811,
        5.2640619575977325,
        5.239711433649063,
        5.2226902693510056,
        5.214570909738541,
        5.188124805688858,
        5.18561053276062
    ],
    "train_ppls": [
        57.91116745988202,
        22.131537229429785,
        18.94850315483209,
        17.702099083253337,
        17.10471516575444,
        16.65305667091156,
        16.36807111115595,
        16.12474133270996,
        15.918001727742421,
        15.752534793377027
    ],
    "valid_ppls": [
        270.4671971845521,
        220.9571878881692,
        204.00554655395942,
        196.48510270019955,
        193.26493302959253,
        188.61566641725886,
        185.432376673713,
        183.932880236834,
        179.13232986266232,
        178.68250801952274
    ],
    "epochs": 10
}