{
    "train_losses": [
        3.8903414541095453,
        3.0227606829106395,
        2.891575399935658,
        2.8301059891409235,
        2.794598316173501,
        2.7660710302131304,
        2.7496238877664463,
        2.735528300989053,
        2.7219304799374044,
        2.7124813105885255
    ],
    "valid_losses": [
        5.544068336486816,
        5.373406454920769,
        5.2856409549713135,
        5.236507669091225,
        5.199449375271797,
        5.196173429489136,
        5.165229424834251,
        5.136339142918587,
        5.122480988502502,
        5.11499610543251
    ],
    "train_ppls": [
        48.92759019854383,
        20.547939800728024,
        18.02167860073123,
        16.94725695455982,
        16.356057469705558,
        15.896056032920376,
        15.63674960523943,
        15.417886569450928,
        15.209655857356305,
        15.066614120529605
    ],
    "valid_ppls": [
        255.71622575109052,
        215.59603642143935,
        197.48071914065642,
        188.01235318295608,
        181.17245637094217,
        180.57991632101755,
        175.0776211186849,
        170.0919448529359,
        167.75104217539416,
        166.50013253605272
    ],
    "epochs": 10
}