{
    "train_losses": [
        5.614418366473081,
        5.197099207512736,
        4.570100497572914,
        4.0929678922537125,
        3.9044443115818717,
        3.79816823950447,
        3.749585882179635,
        3.717861838690308,
        3.699929092105164,
        3.6844009957372896
    ],
    "valid_losses": [
        6.407454609870911,
        6.334930434823036,
        6.255488261580467,
        6.174818649888039,
        6.134882718324661,
        6.153833448886871,
        6.140455886721611,
        6.1371165961027145,
        6.107170015573502,
        6.1205641478300095
    ],
    "train_ppls": [
        274.35375943505494,
        180.7471706472952,
        96.55381270910853,
        59.917456632420816,
        49.62249760210569,
        44.61937757765498,
        42.503476907808164,
        41.176258435380866,
        40.44443642854412,
        39.82126219857526
    ],
    "valid_ppls": [
        606.348322091265,
        563.9301717183292,
        520.8636303801294,
        480.49587803771095,
        461.68494365987414,
        470.5176393104517,
        464.26517495043004,
        462.71744420662515,
        449.0660652561298,
        455.12137782673807
    ],
    "epochs": 10
}